"BaseDatos","Usuario","Roles","PermisosResumidos","TotalPermisos"
"Autenticacion","componentesProd","db_owner","CONNECT (1)","1"
"Autenticacion","dbo","db_owner","CONNECT (1)","1"
"Autenticacion","guest","","","1"
"Autenticacion","hclavijo","","CONNECT (1)","1"
"Autenticacion","INFORMATION_SCHEMA","","","1"
"Autenticacion","jtoledo","","CONNECT (1)","1"
"Autenticacion","mlizama","","CONNECT (1)","1"
"Autenticacion","pala","db_datareader, db_datawriter","CONNECT (1)","1"
"Autenticacion","readQuery","","CONNECT (1)","1"
"Autenticacion","sys","","","1"
"Autenticacion","ysantana","","CONNECT (1)","1"
"Autenticacion_renta","componentesprod","db_owner","CONNECT (1)","1"
"Autenticacion_renta","dbo","db_owner","CONNECT (1)","1"
"Autenticacion_renta","guest","","","1"
"Autenticacion_renta","INFORMATION_SCHEMA","","","1"
"Autenticacion_renta","sys","","","1"
"autenticacion-aclub","componentesProd","db_owner","CONNECT (1)","1"
"autenticacion-aclub","dbo","db_owner","CONNECT (1)","1"
"autenticacion-aclub","guest","","","1"
"autenticacion-aclub","hclavijo","","CONNECT (1)","1"
"autenticacion-aclub","INFORMATION_SCHEMA","","","1"
"autenticacion-aclub","jtoledo","","CONNECT (1)","1"
"autenticacion-aclub","mlizama","","CONNECT (1)","1"
"autenticacion-aclub","readQuery","","CONNECT (1)","1"
"autenticacion-aclub","sys","","","1"
"autenticacion-aclub","ysantana","","CONNECT (1)","1"
"autenticacion-baninter","arquitectura","db_owner","CONNECT (1)","1"
"autenticacion-baninter","componentesProd","db_owner","CONNECT (1)","1"
"autenticacion-baninter","dbo","db_owner","CONNECT (1)","1"
"autenticacion-baninter","guest","","","1"
"autenticacion-baninter","hclavijo","","CONNECT (1)","1"
"autenticacion-baninter","INFORMATION_SCHEMA","","","1"
"autenticacion-baninter","mlizama","","CONNECT (1)","1"
"autenticacion-baninter","sys","","","1"
"autenticacion-bice","arquitectura","db_owner","CONNECT (1)","1"
"autenticacion-bice","componentesProd","db_owner","CONNECT (1)","1"
"autenticacion-bice","dbo","db_owner","CONNECT (1)","1"
"autenticacion-bice","guest","","","1"
"autenticacion-bice","hclavijo","","CONNECT (1)","1"
"autenticacion-bice","INFORMATION_SCHEMA","","","1"
"autenticacion-bice","jtoledo","","CONNECT (1)","1"
"autenticacion-bice","mlizama","","CONNECT (1)","1"
"autenticacion-bice","readQuery","","CONNECT (1)","1"
"autenticacion-bice","sys","","","1"
"autenticacion-bice","ysantana","","CONNECT (1)","1"
"Autenticacion-dealers","componentesprod","db_owner","CONNECT (1)","1"
"Autenticacion-dealers","dbo","db_owner","CONNECT (1)","1"
"Autenticacion-dealers","guest","","","1"
"Autenticacion-dealers","INFORMATION_SCHEMA","","","1"
"Autenticacion-dealers","sys","","","1"
"Autenticacion-help","arquitectura","db_owner","CONNECT (1)","1"
"Autenticacion-help","componentesprod","db_owner","CONNECT (1)","1"
"Autenticacion-help","dbo","db_owner","CONNECT (1)","1"
"Autenticacion-help","guest","","","1"
"Autenticacion-help","hclavijo","","CONNECT (1)","1"
"Autenticacion-help","INFORMATION_SCHEMA","","","1"
"Autenticacion-help","sys","","","1"
"autenticacion-imcruz","componentesProd","db_owner","CONNECT (1)","1"
"autenticacion-imcruz","dbo","db_owner","CONNECT (1)","1"
"autenticacion-imcruz","guest","","","1"
"autenticacion-imcruz","hclavijo","","CONNECT (1)","1"
"autenticacion-imcruz","INFORMATION_SCHEMA","","","1"
"autenticacion-imcruz","jtoledo","","CONNECT (1)","1"
"autenticacion-imcruz","mlizama","","CONNECT (1)","1"
"autenticacion-imcruz","readQuery","","CONNECT (1)","1"
"autenticacion-imcruz","sys","","","1"
"autenticacion-imcruz","ysantana","","CONNECT (1)","1"
"autenticacion-inchcape","componentesprod","db_owner","CONNECT (1)","1"
"autenticacion-inchcape","dbo","db_owner","CONNECT (1)","1"
"autenticacion-inchcape","ecabay","","CONNECT (1), EXECUTE (1), VIEW DEFINITION (1)","3"
"autenticacion-inchcape","ecordova","","CONNECT (1)","1"
"autenticacion-inchcape","guest","","","1"
"autenticacion-inchcape","INFORMATION_SCHEMA","","","1"
"autenticacion-inchcape","mcobos","","CONNECT (1)","1"
"autenticacion-inchcape","sys","","","1"
"autenticacion-inchcape-log","cberruz","","CONNECT (1)","1"
"autenticacion-inchcape-log","componentesprod","db_owner","CONNECT (1)","1"
"autenticacion-inchcape-log","dbo","db_owner","CONNECT (1)","1"
"autenticacion-inchcape-log","ecordova","","CONNECT (1)","1"
"autenticacion-inchcape-log","guest","","","1"
"autenticacion-inchcape-log","INFORMATION_SCHEMA","","","1"
"autenticacion-inchcape-log","lmartinez","","CONNECT (1)","1"
"autenticacion-inchcape-log","sys","","","1"
"autenticacion-porsche","componentesProd","db_owner","CONNECT (1)","1"
"autenticacion-porsche","dbo","db_owner","CONNECT (1)","1"
"autenticacion-porsche","guest","","","1"
"autenticacion-porsche","INFORMATION_SCHEMA","","","1"
"autenticacion-porsche","sys","","","1"
"autenticacion-sura-affinity","componentesprod","db_owner","CONNECT (1)","1"
"autenticacion-sura-affinity","dbo","db_owner","CONNECT (1)","1"
"autenticacion-sura-affinity","guest","","","1"
"autenticacion-sura-affinity","INFORMATION_SCHEMA","","","1"
"autenticacion-sura-affinity","sys","","","1"
"autenticacion-sura-cont","componentesProd","db_owner","CONNECT (1)","1"
"autenticacion-sura-cont","dbo","db_owner","CONNECT (1)","1"
"autenticacion-sura-cont","guest","","","1"
"autenticacion-sura-cont","hclavijo","","CONNECT (1)","1"
"autenticacion-sura-cont","INFORMATION_SCHEMA","","","1"
"autenticacion-sura-cont","jtoledo","","CONNECT (1)","1"
"autenticacion-sura-cont","mlizama","","CONNECT (1)","1"
"autenticacion-sura-cont","pala","db_datareader, db_datawriter","CONNECT (1)","1"
"autenticacion-sura-cont","readQuery","","CONNECT (1)","1"
"autenticacion-sura-cont","sys","","","1"
"autenticacion-sura-cont","ysantana","","CONNECT (1)","1"
"autenticacion-sura-flotante","componentesProd","db_owner","CONNECT (1)","1"
"autenticacion-sura-flotante","dbo","db_owner","CONNECT (1)","1"
"autenticacion-sura-flotante","guest","","","1"
"autenticacion-sura-flotante","hclavijo","","CONNECT (1)","1"
"autenticacion-sura-flotante","INFORMATION_SCHEMA","","","1"
"autenticacion-sura-flotante","jtoledo","","CONNECT (1)","1"
"autenticacion-sura-flotante","readQuery","","CONNECT (1)","1"
"autenticacion-sura-flotante","sys","","","1"
"autenticacion-sura-flotante","ysantana","","CONNECT (1)","1"
"autenticacion-sura-mprod","componentesProd","db_owner","CONNECT (1)","1"
"autenticacion-sura-mprod","dbo","db_owner","CONNECT (1)","1"
"autenticacion-sura-mprod","guest","","","1"
"autenticacion-sura-mprod","hclavijo","","CONNECT (1)","1"
"autenticacion-sura-mprod","INFORMATION_SCHEMA","","","1"
"autenticacion-sura-mprod","jtoledo","","CONNECT (1)","1"
"autenticacion-sura-mprod","mlizama","","CONNECT (1)","1"
"autenticacion-sura-mprod","readQuery","","CONNECT (1)","1"
"autenticacion-sura-mprod","sys","","","1"
"autenticacion-sura-mprod","ysantana","","CONNECT (1)","1"
"Autenticacion-sura-rmx","componentesprod","db_owner","CONNECT (1)","1"
"Autenticacion-sura-rmx","dbo","db_owner","CONNECT (1)","1"
"Autenticacion-sura-rmx","guest","","","1"
"Autenticacion-sura-rmx","INFORMATION_SCHEMA","","","1"
"Autenticacion-sura-rmx","sys","","","1"
"autenticacion-zenit-santander-prd","componentesProd","db_owner","CONNECT (1)","1"
"autenticacion-zenit-santander-prd","dbo","db_owner","CONNECT (1)","1"
"autenticacion-zenit-santander-prd","guest","","","1"
"autenticacion-zenit-santander-prd","INFORMATION_SCHEMA","","","1"
"autenticacion-zenit-santander-prd","sys","","","1"
"autenticacion-zurich","componentesProd","db_owner","CONNECT (1)","1"
"autenticacion-zurich","dbo","db_owner","CONNECT (1)","1"
"autenticacion-zurich","guest","","","1"
"autenticacion-zurich","hclavijo","","CONNECT (1)","1"
"autenticacion-zurich","INFORMATION_SCHEMA","","","1"
"autenticacion-zurich","jtoledo","","CONNECT (1)","1"
"autenticacion-zurich","mlizama","","CONNECT (1)","1"
"autenticacion-zurich","readQuery","","CONNECT (1)","1"
"autenticacion-zurich","sys","","","1"
"autenticacion-zurich","ysantana","","CONNECT (1)","1"
"fid_qa_client_auditlogs","##MS_SyncAccount##","DataSync_admin","CONNECT (1)","1"
"fid_qa_client_auditlogs","##MS_SyncResourceManager##","DataSync_admin","CONNECT (1)","1"
"fid_qa_client_auditlogs","dbo","db_owner","CONNECT (1)","1"
"fid_qa_client_auditlogs","guest","","","1"
"fid_qa_client_auditlogs","INFORMATION_SCHEMA","","","1"
"fid_qa_client_auditlogs","sys","","","1"
"fidqa","dbo","db_owner","CONNECT (1)","1"
"fidqa","fidqa","db_owner","CONNECT (1)","1"
"fidqa","guest","","","1"
"fidqa","INFORMATION_SCHEMA","","","1"
"fidqa","jbogado","","CONNECT (1)","1"
"fidqa","kcuenca","","CONNECT (1)","1"
"fidqa","mcobos","","CONNECT (1)","1"
"fidqa","mvasquez","db_datareader, db_datawriter","CONNECT (1)","1"
"fidqa","sys","","","1"
"fidqaclient","dbo","db_owner","CONNECT (1)","1"
"fidqaclient","fidqa","db_owner","CONNECT (1)","1"
"fidqaclient","guest","","","1"
"fidqaclient","INFORMATION_SCHEMA","","","1"
"fidqaclient","jarzolay","","CONNECT (1)","1"
"fidqaclient","jbogado","","CONNECT (1)","1"
"fidqaclient","mcobos","db_datareader, db_datawriter","CONNECT (1)","1"
"fidqaclient","mvasquez","db_datareader, db_datawriter","CONNECT (1)","1"
"fidqaclient","pala","","CONNECT (1)","1"
"fidqaclient","sys","","","1"
"fidqadefault","dbo","db_owner","CONNECT (1)","1"
"fidqadefault","fidqa","db_owner","CONNECT (1)","1"
"fidqadefault","guest","","","1"
"fidqadefault","INFORMATION_SCHEMA","","","1"
"fidqadefault","jbogado","","CONNECT (1)","1"
"fidqadefault","mcobos","","CONNECT (1)","1"
"fidqadefault","sys","","","1"
"FirmaDigital","componentesProd","db_owner","CONNECT (1)","1"
"FirmaDigital","dbo","db_owner","CONNECT (1)","1"
"FirmaDigital","guest","","","1"
"FirmaDigital","INFORMATION_SCHEMA","","","1"
"FirmaDigital","mcobos","","CONNECT (1)","1"
"FirmaDigital","readQuery","","CONNECT (1)","1"
"FirmaDigital","sys","","","1"
"FirmaDigital","Usuappfirmadigital","db_owner","CONNECT (1)","1"
"FirmaDigital_prod","arquitectura","","CONNECT (1)","1"
"FirmaDigital_prod","componentesProd","db_owner","CONNECT (1)","1"
"FirmaDigital_prod","dbo","db_owner","CONNECT (1)","1"
"FirmaDigital_prod","guest","","","1"
"FirmaDigital_prod","INFORMATION_SCHEMA","","","1"
"FirmaDigital_prod","mcobos","","CONNECT (1)","1"
"FirmaDigital_prod","sys","","","1"
"FirmaDigital-help","arquitectura","db_owner","CONNECT (1)","1"
"FirmaDigital-help","componentesprod","db_owner","CONNECT (1)","1"
"FirmaDigital-help","dbo","db_owner","CONNECT (1)","1"
"FirmaDigital-help","guest","","","1"
"FirmaDigital-help","INFORMATION_SCHEMA","","","1"
"FirmaDigital-help","jnavidad","","CONNECT (1)","1"
"FirmaDigital-help","mcobos","","CONNECT (1)","1"
"FirmaDigital-help","sys","","","1"
"firma-digital-inchcape","componentesprod","db_owner","CONNECT (1)","1"
"firma-digital-inchcape","dbo","db_owner","CONNECT (1)","1"
"firma-digital-inchcape","ecabay","","CONNECT (1)","1"
"firma-digital-inchcape","ecordova","","CONNECT (1)","1"
"firma-digital-inchcape","guest","","","1"
"firma-digital-inchcape","INFORMATION_SCHEMA","","","1"
"firma-digital-inchcape","larroba","","CONNECT (1)","1"
"firma-digital-inchcape","mcobos","","CONNECT (1)","1"
"firma-digital-inchcape","sys","","","1"
"firma-digital-inchcape-log","componentesprod","db_owner","CONNECT (1)","1"
"firma-digital-inchcape-log","dbo","db_owner","CONNECT (1)","1"
"firma-digital-inchcape-log","guest","","","1"
"firma-digital-inchcape-log","INFORMATION_SCHEMA","","","1"
"firma-digital-inchcape-log","sys","","","1"
"firma-digital-porsche","componentesProd","db_owner","CONNECT (1)","1"
"firma-digital-porsche","dbo","db_owner","CONNECT (1)","1"
"firma-digital-porsche","guest","","","1"
"firma-digital-porsche","INFORMATION_SCHEMA","","","1"
"firma-digital-porsche","sys","","","1"
"firma-digital-sura-mprod","arquitectura","","CONNECT (1)","1"
"firma-digital-sura-mprod","componentesProd","db_owner","CONNECT (1)","1"
"firma-digital-sura-mprod","dbo","db_owner","CONNECT (1)","1"
"firma-digital-sura-mprod","guest","","","1"
"firma-digital-sura-mprod","hclavijo","","CONNECT (1)","1"
"firma-digital-sura-mprod","INFORMATION_SCHEMA","","","1"
"firma-digital-sura-mprod","jtoledo","","CONNECT (1)","1"
"firma-digital-sura-mprod","mcobos","","CONNECT (1)","1"
"firma-digital-sura-mprod","sys","","","1"
"firma-digital-sura-mprod","ysantana","","CONNECT (1)","1"
"firma-digital-zurich","arquitectura","","CONNECT (1)","1"
"firma-digital-zurich","componentesProd","db_owner","CONNECT (1)","1"
"firma-digital-zurich","dbo","db_owner","CONNECT (1)","1"
"firma-digital-zurich","guest","","","1"
"firma-digital-zurich","INFORMATION_SCHEMA","","","1"
"firma-digital-zurich","mcobos","","CONNECT (1)","1"
"firma-digital-zurich","sys","","","1"
"FlujoVenta","componentesProd","db_owner","CONNECT (1)","1"
"FlujoVenta","dbo","db_owner","CONNECT (1)","1"
"FlujoVenta","guest","","","1"
"FlujoVenta","hclavijo","","CONNECT (1)","1"
"FlujoVenta","INFORMATION_SCHEMA","","","1"
"FlujoVenta","jarzolay","","CONNECT (1)","1"
"FlujoVenta","jtoledo","","CONNECT (1)","1"
"FlujoVenta","mcobos","","CONNECT (1)","1"
"FlujoVenta","pala","db_datareader, db_datawriter","CONNECT (1)","1"
"FlujoVenta","sys","","","1"
"FlujoVenta","ysantana","","CONNECT (1)","1"
"flujo-venta-inchcape","componentesprod","db_owner","CONNECT (1)","1"
"flujo-venta-inchcape","dbo","db_owner","CONNECT (1)","1"
"flujo-venta-inchcape","ecordova","","CONNECT (1)","1"
"flujo-venta-inchcape","guest","","","1"
"flujo-venta-inchcape","INFORMATION_SCHEMA","","","1"
"flujo-venta-inchcape","larroba","","CONNECT (1)","1"
"flujo-venta-inchcape","mcobos","","CONNECT (1)","1"
"flujo-venta-inchcape","sys","","","1"
"flujo-venta-inchcape-log","componentesprod","db_owner","CONNECT (1)","1"
"flujo-venta-inchcape-log","dbo","db_owner","CONNECT (1)","1"
"flujo-venta-inchcape-log","guest","","","1"
"flujo-venta-inchcape-log","INFORMATION_SCHEMA","","","1"
"flujo-venta-inchcape-log","sys","","","1"
"flujo-venta-porsche","componentesProd","db_owner","CONNECT (1)","1"
"flujo-venta-porsche","dbo","db_owner","CONNECT (1)","1"
"flujo-venta-porsche","guest","","","1"
"flujo-venta-porsche","INFORMATION_SCHEMA","","","1"
"flujo-venta-porsche","sys","","","1"
"flujo-venta-sura-affinity","componentesprod","db_owner","CONNECT (1)","1"
"flujo-venta-sura-affinity","dbo","db_owner","CONNECT (1)","1"
"flujo-venta-sura-affinity","guest","","","1"
"flujo-venta-sura-affinity","INFORMATION_SCHEMA","","","1"
"flujo-venta-sura-affinity","sys","","","1"
"flujo-venta-sura-dealers","componentesprod","db_owner","CONNECT (1)","1"
"flujo-venta-sura-dealers","dbo","db_owner","CONNECT (1)","1"
"flujo-venta-sura-dealers","guest","","","1"
"flujo-venta-sura-dealers","INFORMATION_SCHEMA","","","1"
"flujo-venta-sura-dealers","jtoledo","","CONNECT (1)","1"
"flujo-venta-sura-dealers","sys","","","1"
"flujo-venta-sura-mprod","componentesProd","db_owner","CONNECT (1)","1"
"flujo-venta-sura-mprod","dbo","db_owner","CONNECT (1)","1"
"flujo-venta-sura-mprod","guest","","","1"
"flujo-venta-sura-mprod","hclavijo","","CONNECT (1)","1"
"flujo-venta-sura-mprod","INFORMATION_SCHEMA","","","1"
"flujo-venta-sura-mprod","jarzolay","","CONNECT (1)","1"
"flujo-venta-sura-mprod","jtoledo","","CONNECT (1)","1"
"flujo-venta-sura-mprod","mcobos","","CONNECT (1)","1"
"flujo-venta-sura-mprod","sys","","","1"
"flujo-venta-sura-mprod","ysantana","","CONNECT (1)","1"
"flujo-venta-sura-rmx","componentesprod","db_owner","CONNECT (1)","1"
"flujo-venta-sura-rmx","dbo","db_owner","CONNECT (1)","1"
"flujo-venta-sura-rmx","guest","","","1"
"flujo-venta-sura-rmx","INFORMATION_SCHEMA","","","1"
"flujo-venta-sura-rmx","sys","","","1"
"FormatoImpresion","componentesProd","db_sp_ejecutor, db_datareader, db_datawriter","CONNECT (1)","1"
"FormatoImpresion","dbo","db_owner","CONNECT (1)","1"
"FormatoImpresion","guest","","","1"
"FormatoImpresion","INFORMATION_SCHEMA","","","1"
"FormatoImpresion","readQuery","","CONNECT (1)","1"
"FormatoImpresion","sys","","","1"
"FormatoImpresion","ysantana","","CONNECT (1)","1"
"formato-impresion-aclub","arquitectura","db_owner","CONNECT (1)","1"
"formato-impresion-aclub","componentesprod","db_owner","CONNECT (1)","1"
"formato-impresion-aclub","dbo","db_owner","CONNECT (1)","1"
"formato-impresion-aclub","guest","","","1"
"formato-impresion-aclub","INFORMATION_SCHEMA","","","1"
"formato-impresion-aclub","sys","","","1"
"FormatoImpresion-help","arquitectura","db_owner","CONNECT (1)","1"
"FormatoImpresion-help","componentesprod","db_owner","CONNECT (1)","1"
"FormatoImpresion-help","dbo","db_owner","CONNECT (1)","1"
"FormatoImpresion-help","guest","","","1"
"FormatoImpresion-help","INFORMATION_SCHEMA","","","1"
"FormatoImpresion-help","sys","","","1"
"formato-impresion-inchcape","componentesprod","db_owner","CONNECT (1)","1"
"formato-impresion-inchcape","dbo","db_owner","CONNECT (1)","1"
"formato-impresion-inchcape","ecordova","","CONNECT (1)","1"
"formato-impresion-inchcape","guest","","","1"
"formato-impresion-inchcape","INFORMATION_SCHEMA","","","1"
"formato-impresion-inchcape","mcobos","","CONNECT (1)","1"
"formato-impresion-inchcape","sys","","","1"
"formato-impresion-inchcape-log","componentesprod","db_owner","CONNECT (1)","1"
"formato-impresion-inchcape-log","dbo","db_owner","CONNECT (1)","1"
"formato-impresion-inchcape-log","guest","","","1"
"formato-impresion-inchcape-log","INFORMATION_SCHEMA","","","1"
"formato-impresion-inchcape-log","sys","","","1"
"formato-impresion-porsche","componentesProd","db_owner","CONNECT (1)","1"
"formato-impresion-porsche","dbo","db_owner","CONNECT (1)","1"
"formato-impresion-porsche","guest","","","1"
"formato-impresion-porsche","INFORMATION_SCHEMA","","","1"
"formato-impresion-porsche","sys","","","1"
"formato-impresion-sura-affinity","componentesprod","db_owner","CONNECT (1)","1"
"formato-impresion-sura-affinity","dbo","db_owner","CONNECT (1)","1"
"formato-impresion-sura-affinity","guest","","","1"
"formato-impresion-sura-affinity","INFORMATION_SCHEMA","","","1"
"formato-impresion-sura-affinity","sys","","","1"
"formato-impresion-sura-flotante","componentesProd","db_sp_ejecutor, db_datareader, db_datawriter","CONNECT (1)","1"
"formato-impresion-sura-flotante","dbo","db_owner","CONNECT (1)","1"
"formato-impresion-sura-flotante","guest","","","1"
"formato-impresion-sura-flotante","INFORMATION_SCHEMA","","","1"
"formato-impresion-sura-flotante","readQuery","","CONNECT (1)","1"
"formato-impresion-sura-flotante","sys","","","1"
"formato-impresion-sura-flotante","ysantana","","CONNECT (1)","1"
"formato-impresion-sura-mprod","componentesProd","db_owner","CONNECT (1)","1"
"formato-impresion-sura-mprod","dbo","db_owner","CONNECT (1)","1"
"formato-impresion-sura-mprod","guest","","","1"
"formato-impresion-sura-mprod","hclavijo","","CONNECT (1)","1"
"formato-impresion-sura-mprod","INFORMATION_SCHEMA","","","1"
"formato-impresion-sura-mprod","jtoledo","","CONNECT (1)","1"
"formato-impresion-sura-mprod","readQuery","","CONNECT (1)","1"
"formato-impresion-sura-mprod","sys","","","1"
"formato-impresion-sura-mprod","ysantana","","CONNECT (1)","1"
"Gestion_usuarios","dbo","db_owner","CONNECT (1)","1"
"Gestion_usuarios","guest","","","1"
"Gestion_usuarios","INFORMATION_SCHEMA","","","1"
"Gestion_usuarios","readQuery","","CONNECT (1)","1"
"Gestion_usuarios","sys","","","1"
"Gestion_usuarios-help","componentesprod","db_owner","CONNECT (1)","1"
"Gestion_usuarios-help","dbo","db_owner","CONNECT (1)","1"
"Gestion_usuarios-help","guest","","","1"
"Gestion_usuarios-help","INFORMATION_SCHEMA","","","1"
"Gestion_usuarios-help","sys","","","1"
"gestion-usuarios-zenit-santander-prd","componentesprod","db_owner","CONNECT (1)","1"
"gestion-usuarios-zenit-santander-prd","dbo","db_owner","CONNECT (1)","1"
"gestion-usuarios-zenit-santander-prd","guest","","","1"
"gestion-usuarios-zenit-santander-prd","INFORMATION_SCHEMA","","","1"
"gestion-usuarios-zenit-santander-prd","sys","","","1"
"ginger","dbo","db_owner","CONNECT (1)","1"
"ginger","guest","","","1"
"ginger","INFORMATION_SCHEMA","","","1"
"ginger","kcuenca","","CONNECT (1)","1"
"ginger","scardenas","db_datareader","CONNECT (1)","1"
"ginger","sys","","","1"
"ginger_brunofritsch","dbo","db_owner","CONNECT (1)","1"
"ginger_brunofritsch","guest","","","1"
"ginger_brunofritsch","INFORMATION_SCHEMA","","","1"
"ginger_brunofritsch","sys","","","1"
"ginger_demo","Arquitectura","db_owner","CONNECT (1)","1"
"ginger_demo","dbo","db_owner","CONNECT (1)","1"
"ginger_demo","guest","","","1"
"ginger_demo","hclavijo","","CONNECT (1)","1"
"ginger_demo","INFORMATION_SCHEMA","","","1"
"ginger_demo","sys","","","1"
"ginger_demo_BCI","Arquitectura","db_owner","CONNECT (1)","1"
"ginger_demo_BCI","dbo","db_owner","CONNECT (1)","1"
"ginger_demo_BCI","guest","","","1"
"ginger_demo_BCI","INFORMATION_SCHEMA","","","1"
"ginger_demo_BCI","sys","","","1"
"ginger_demo_bruno","Arquitectura","db_owner","CONNECT (1)","1"
"ginger_demo_bruno","dbo","db_owner","CONNECT (1)","1"
"ginger_demo_bruno","guest","","","1"
"ginger_demo_bruno","INFORMATION_SCHEMA","","","1"
"ginger_demo_bruno","sys","","","1"
"ginger_demo_FID","Arquitectura","db_owner","CONNECT (1)","1"
"ginger_demo_FID","dbo","db_owner","CONNECT (1)","1"
"ginger_demo_FID","guest","","","1"
"ginger_demo_FID","INFORMATION_SCHEMA","","","1"
"ginger_demo_FID","sys","","","1"
"ginger_demo_fidens","Arquitectura","db_owner","CONNECT (1)","1"
"ginger_demo_fidens","dbo","db_owner","CONNECT (1)","1"
"ginger_demo_fidens","guest","","","1"
"ginger_demo_fidens","INFORMATION_SCHEMA","","","1"
"ginger_demo_fidens","sys","","","1"
"ginger_demo_Liberty","Arquitectura","db_owner","CONNECT (1)","1"
"ginger_demo_Liberty","dbo","db_owner","CONNECT (1)","1"
"ginger_demo_Liberty","guest","","","1"
"ginger_demo_Liberty","INFORMATION_SCHEMA","","","1"
"ginger_demo_Liberty","sys","","","1"
"ginger_demo_sura","Arquitectura","db_owner","CONNECT (1)","1"
"ginger_demo_sura","dbo","db_owner","CONNECT (1)","1"
"ginger_demo_sura","guest","","","1"
"ginger_demo_sura","INFORMATION_SCHEMA","","","1"
"ginger_demo_sura","sys","","","1"
"ginger_fid","dbo","db_owner","CONNECT (1)","1"
"ginger_fid","guest","","","1"
"ginger_fid","INFORMATION_SCHEMA","","","1"
"ginger_fid","sys","","","1"
"ginger_fidens","dbo","db_owner","CONNECT (1)","1"
"ginger_fidens","guest","","","1"
"ginger_fidens","INFORMATION_SCHEMA","","","1"
"ginger_fidens","sys","","","1"
"gingerqa_derco","Arquitectura","db_owner","CONNECT (1)","1"
"gingerqa_derco","dbo","db_owner","CONNECT (1)","1"
"gingerqa_derco","guest","","","1"
"gingerqa_derco","INFORMATION_SCHEMA","","","1"
"gingerqa_derco","sys","","","1"
"Inspecciones","componentesProd","db_owner","CONNECT (1)","1"
"Inspecciones","dbo","db_owner","CONNECT (1)","1"
"Inspecciones","guest","","","1"
"Inspecciones","INFORMATION_SCHEMA","","","1"
"Inspecciones","readQuery","","CONNECT (1)","1"
"Inspecciones","sys","","","1"
"inspecciones-inchcape","componentesprod","db_owner","CONNECT (1)","1"
"inspecciones-inchcape","dbo","db_owner","CONNECT (1)","1"
"inspecciones-inchcape","ecordova","","CONNECT (1)","1"
"inspecciones-inchcape","guest","","","1"
"inspecciones-inchcape","INFORMATION_SCHEMA","","","1"
"inspecciones-inchcape","mcobos","","CONNECT (1)","1"
"inspecciones-inchcape","sys","","","1"
"inspecciones-inchcape-log","componentesprod","db_owner","CONNECT (1)","1"
"inspecciones-inchcape-log","dbo","db_owner","CONNECT (1)","1"
"inspecciones-inchcape-log","guest","","","1"
"inspecciones-inchcape-log","INFORMATION_SCHEMA","","","1"
"inspecciones-inchcape-log","sys","","","1"
"inspecciones-porsche","componentesProd","db_owner","CONNECT (1)","1"
"inspecciones-porsche","dbo","db_owner","CONNECT (1)","1"
"inspecciones-porsche","guest","","","1"
"inspecciones-porsche","INFORMATION_SCHEMA","","","1"
"inspecciones-porsche","sys","","","1"
"Interfaces","componentesProd","db_owner","CONNECT (1)","1"
"Interfaces","dbo","db_owner","CONNECT (1)","1"
"Interfaces","guest","","","1"
"Interfaces","INFORMATION_SCHEMA","","","1"
"Interfaces","sys","","","1"
"Interfaces-help","componentesProd","db_owner","CONNECT (1)","1"
"Interfaces-help","dbo","db_owner","CONNECT (1)","1"
"Interfaces-help","guest","","","1"
"Interfaces-help","INFORMATION_SCHEMA","","","1"
"Interfaces-help","sys","","","1"
"interfaces-zurich","componentesProd","db_owner","CONNECT (1)","1"
"interfaces-zurich","dbo","db_owner","CONNECT (1)","1"
"interfaces-zurich","guest","","","1"
"interfaces-zurich","INFORMATION_SCHEMA","","","1"
"interfaces-zurich","sys","","","1"
"logs-monitoreo","componentesProd","db_owner","CONNECT (1)","1"
"logs-monitoreo","dbo","db_owner","CONNECT (1)","1"
"logs-monitoreo","guest","","","1"
"logs-monitoreo","INFORMATION_SCHEMA","","","1"
"logs-monitoreo","sys","","","1"
"logs-monitoreo-help","componentesProd","db_owner","CONNECT (1)","1"
"logs-monitoreo-help","dbo","db_owner","CONNECT (1)","1"
"logs-monitoreo-help","guest","","","1"
"logs-monitoreo-help","INFORMATION_SCHEMA","","","1"
"logs-monitoreo-help","sys","","","1"
"logs-monitoreo-inchcape","componentesprod","db_owner","CONNECT (1)","1"
"logs-monitoreo-inchcape","dbo","db_owner","CONNECT (1)","1"
"logs-monitoreo-inchcape","guest","","","1"
"logs-monitoreo-inchcape","INFORMATION_SCHEMA","","","1"
"logs-monitoreo-inchcape","sys","","","1"
"Logs-monitoreo-porsche","componentesProd","db_owner","CONNECT (1)","1"
"Logs-monitoreo-porsche","dbo","db_owner","CONNECT (1)","1"
"Logs-monitoreo-porsche","guest","","","1"
"Logs-monitoreo-porsche","INFORMATION_SCHEMA","","","1"
"Logs-monitoreo-porsche","sys","","","1"
"MailRelay","componentesProd","db_owner","CONNECT (1)","1"
"MailRelay","dbo","db_owner","CONNECT (1)","1"
"MailRelay","guest","","","1"
"MailRelay","INFORMATION_SCHEMA","","","1"
"MailRelay","readQuery","","CONNECT (1)","1"
"MailRelay","sys","","","1"
"MailRelay-help","Arquitectura","db_owner","CONNECT (1)","1"
"MailRelay-help","componentesprod","db_owner","CONNECT (1)","1"
"MailRelay-help","dbo","db_owner","CONNECT (1)","1"
"MailRelay-help","guest","","EXECUTE (7)","7"
"MailRelay-help","INFORMATION_SCHEMA","","","1"
"MailRelay-help","sys","","","1"
"mail-relay-imcruz-prd","componentesprod","db_owner","CONNECT (1)","1"
"mail-relay-imcruz-prd","dbo","db_owner","CONNECT (1)","1"
"mail-relay-imcruz-prd","guest","","","1"
"mail-relay-imcruz-prd","INFORMATION_SCHEMA","","","1"
"mail-relay-imcruz-prd","sys","","","1"
"mail-relay-inchcape","componentesprod","db_owner","CONNECT (1)","1"
"mail-relay-inchcape","dbo","db_owner","CONNECT (1)","1"
"mail-relay-inchcape","ecordova","","CONNECT (1)","1"
"mail-relay-inchcape","guest","","","1"
"mail-relay-inchcape","INFORMATION_SCHEMA","","","1"
"mail-relay-inchcape","sys","","","1"
"mail-relay-inchcape-log","componentesprod","db_owner","CONNECT (1)","1"
"mail-relay-inchcape-log","dbo","db_owner","CONNECT (1)","1"
"mail-relay-inchcape-log","guest","","","1"
"mail-relay-inchcape-log","INFORMATION_SCHEMA","","","1"
"mail-relay-inchcape-log","sys","","","1"
"mail-relay-porsche","componentesProd","db_owner","CONNECT (1)","1"
"mail-relay-porsche","dbo","db_owner","CONNECT (1)","1"
"mail-relay-porsche","guest","","","1"
"mail-relay-porsche","INFORMATION_SCHEMA","","","1"
"mail-relay-porsche","sys","","","1"
"mail-relay-renta","componentesprod","db_owner","CONNECT (1)","1"
"mail-relay-renta","dbo","db_owner","CONNECT (1)","1"
"mail-relay-renta","guest","","","1"
"mail-relay-renta","INFORMATION_SCHEMA","","","1"
"mail-relay-renta","sys","","","1"
"MailRelay-sura-dealers","componentesprod","db_owner","CONNECT (1)","1"
"MailRelay-sura-dealers","dbo","db_owner","CONNECT (1)","1"
"MailRelay-sura-dealers","guest","","","1"
"MailRelay-sura-dealers","INFORMATION_SCHEMA","","","1"
"MailRelay-sura-dealers","sys","","","1"
"MailRelay-sura-rmx","componentesprod","db_owner","CONNECT (1)","1"
"MailRelay-sura-rmx","dbo","db_owner","CONNECT (1)","1"
"MailRelay-sura-rmx","guest","","","1"
"MailRelay-sura-rmx","INFORMATION_SCHEMA","","","1"
"MailRelay-sura-rmx","sys","","","1"
"mail-relay-zenit-santander-prd","componentesprod","db_owner","CONNECT (1)","1"
"mail-relay-zenit-santander-prd","dbo","db_owner","CONNECT (1)","1"
"mail-relay-zenit-santander-prd","guest","","","1"
"mail-relay-zenit-santander-prd","INFORMATION_SCHEMA","","","1"
"mail-relay-zenit-santander-prd","sys","","","1"
"pagos","componentesProd","db_owner","CONNECT (1)","1"
"pagos","dbo","db_owner","CONNECT (1)","1"
"pagos","guest","","","1"
"pagos","hclavijo","","CONNECT (1)","1"
"pagos","INFORMATION_SCHEMA","","","1"
"pagos","jtoledo","","CONNECT (1)","1"
"pagos","mcobos","","CONNECT (1)","1"
"pagos","pala","db_datareader, db_datawriter","CONNECT (1)","1"
"pagos","readQuery","","CONNECT (1)","1"
"pagos","sys","","","1"
"pagos","ysantana","","CONNECT (1)","1"
"pagos-help","componentesProd","db_owner","CONNECT (1)","1"
"pagos-help","dbo","db_owner","CONNECT (1)","1"
"pagos-help","guest","","","1"
"pagos-help","INFORMATION_SCHEMA","","","1"
"pagos-help","sys","","","1"
"pagos-inchcape","componentesprod","db_owner","CONNECT (1)","1"
"pagos-inchcape","dbo","db_owner","CONNECT (1)","1"
"pagos-inchcape","ecordova","","CONNECT (1)","1"
"pagos-inchcape","guest","","","1"
"pagos-inchcape","INFORMATION_SCHEMA","","","1"
"pagos-inchcape","mcobos","","CONNECT (1)","1"
"pagos-inchcape","sys","","","1"
"pagos-inchcape-log","componentesprod","db_owner","CONNECT (1)","1"
"pagos-inchcape-log","dbo","db_owner","CONNECT (1)","1"
"pagos-inchcape-log","guest","","","1"
"pagos-inchcape-log","INFORMATION_SCHEMA","","","1"
"pagos-inchcape-log","sys","","","1"
"pagos-porsche","componentesProd","db_owner","CONNECT (1)","1"
"pagos-porsche","dbo","db_owner","CONNECT (1)","1"
"pagos-porsche","guest","","","1"
"pagos-porsche","INFORMATION_SCHEMA","","","1"
"pagos-porsche","sys","","","1"
"pagos-sura-affinity","componentesprod","db_owner","CONNECT (1)","1"
"pagos-sura-affinity","dbo","db_owner","CONNECT (1)","1"
"pagos-sura-affinity","guest","","","1"
"pagos-sura-affinity","INFORMATION_SCHEMA","","","1"
"pagos-sura-affinity","sys","","","1"
"pagos-sura-cont","componentesProd","db_owner","CONNECT (1)","1"
"pagos-sura-cont","dbo","db_owner","CONNECT (1)","1"
"pagos-sura-cont","guest","","","1"
"pagos-sura-cont","INFORMATION_SCHEMA","","","1"
"pagos-sura-cont","jtoledo","","CONNECT (1)","1"
"pagos-sura-cont","pala","db_datareader, db_datawriter","CONNECT (1)","1"
"pagos-sura-cont","sys","","","1"
"pagos-sura-flotante","componentesProd","db_owner","CONNECT (1)","1"
"pagos-sura-flotante","dbo","db_owner","CONNECT (1)","1"
"pagos-sura-flotante","guest","","","1"
"pagos-sura-flotante","hclavijo","","CONNECT (1)","1"
"pagos-sura-flotante","INFORMATION_SCHEMA","","","1"
"pagos-sura-flotante","jtoledo","","CONNECT (1)","1"
"pagos-sura-flotante","mcobos","","CONNECT (1)","1"
"pagos-sura-flotante","readQuery","","CONNECT (1)","1"
"pagos-sura-flotante","sys","","","1"
"pagos-sura-flotante","ysantana","","CONNECT (1)","1"
"pagos-sura-mprod","componentesProd","db_owner","CONNECT (1)","1"
"pagos-sura-mprod","dbo","db_owner","CONNECT (1)","1"
"pagos-sura-mprod","guest","","","1"
"pagos-sura-mprod","hclavijo","","CONNECT (1)","1"
"pagos-sura-mprod","INFORMATION_SCHEMA","","","1"
"pagos-sura-mprod","jtoledo","","CONNECT (1)","1"
"pagos-sura-mprod","mcobos","","CONNECT (1)","1"
"pagos-sura-mprod","readQuery","","CONNECT (1)","1"
"pagos-sura-mprod","sys","","","1"
"pagos-sura-mprod","ysantana","","CONNECT (1)","1"
"pruebascriptbase","componentesprod","","CONNECT (1)","1"
"pruebascriptbase","dbo","db_owner","CONNECT (1)","1"
"pruebascriptbase","guest","","","1"
"pruebascriptbase","INFORMATION_SCHEMA","","","1"
"pruebascriptbase","sys","","","1"
"reporteria-help","componentesProd","db_owner","CONNECT (1)","1"
"reporteria-help","dbo","db_owner","CONNECT (1)","1"
"reporteria-help","guest","","","1"
"reporteria-help","INFORMATION_SCHEMA","","","1"
"reporteria-help","sys","","","1"
"reporteria-sura-affinity","componentesprod","db_owner","CONNECT (1)","1"
"reporteria-sura-affinity","dbo","db_owner","CONNECT (1)","1"
"reporteria-sura-affinity","guest","","","1"
"reporteria-sura-affinity","INFORMATION_SCHEMA","","","1"
"reporteria-sura-affinity","sys","","","1"
"Siniestros","componentesProd","db_owner","CONNECT (1)","1"
"Siniestros","dbo","db_owner","CONNECT (1)","1"
"Siniestros","guest","","","1"
"Siniestros","INFORMATION_SCHEMA","","","1"
"Siniestros","readQuery","","CONNECT (1)","1"
"Siniestros","sys","","","1"
"siniestros-imcruz-prd","componentesprod","db_owner","CONNECT (1)","1"
"siniestros-imcruz-prd","dbo","db_owner","CONNECT (1)","1"
"siniestros-imcruz-prd","guest","","","1"
"siniestros-imcruz-prd","INFORMATION_SCHEMA","","","1"
"siniestros-imcruz-prd","sys","","","1"
"siniestros-inchcape","componentesprod","db_owner","CONNECT (1)","1"
"siniestros-inchcape","dbo","db_owner","CONNECT (1)","1"
"siniestros-inchcape","ecordova","","CONNECT (1)","1"
"siniestros-inchcape","guest","","","1"
"siniestros-inchcape","INFORMATION_SCHEMA","","","1"
"siniestros-inchcape","mcobos","","CONNECT (1)","1"
"siniestros-inchcape","sys","","","1"
"siniestros-porsche","componentesProd","db_owner","CONNECT (1)","1"
"siniestros-porsche","dbo","db_owner","CONNECT (1)","1"
"siniestros-porsche","guest","","","1"
"siniestros-porsche","INFORMATION_SCHEMA","","","1"
"siniestros-porsche","sys","","","1"
"Valores","componentesProd","db_owner","CONNECT (1)","1"
"Valores","dbo","db_owner","CONNECT (1)","1"
"Valores","guest","","","1"
"Valores","INFORMATION_SCHEMA","","","1"
"Valores","readQuery","","CONNECT (1)","1"
"Valores","sys","","","1"
"ventas-inchcape-log","cberruz","","CONNECT (1)","1"
"ventas-inchcape-log","componentesprod","db_owner","CONNECT (1)","1"
"ventas-inchcape-log","dbo","db_owner","CONNECT (1)","1"
"ventas-inchcape-log","eavalos","","CONNECT (1)","1"
"ventas-inchcape-log","ecordova","","CONNECT (1)","1"
"ventas-inchcape-log","guest","","","1"
"ventas-inchcape-log","INFORMATION_SCHEMA","","","1"
"ventas-inchcape-log","lmartinez","","CONNECT (1)","1"
"ventas-inchcape-log","sys","","","1"
